"training_set_id";"period";"hour_number";"timestamp_cst";"hours_in_sample"
1;2016;298635;"2017-01-26 02:00:00";12.0
1;2016;298639;"2017-01-26 06:00:00";12.0
1;2016;298643;"2017-01-26 10:00:00";12.0
1;2016;298647;"2017-01-26 14:00:00";12.0
1;2016;298651;"2017-01-26 18:00:00";12.0
1;2016;298655;"2017-01-26 22:00:00";12.0
1;2016;298297;"2017-01-12 00:00:00";360.0
1;2016;298301;"2017-01-12 04:00:00";360.0
1;2016;298305;"2017-01-12 08:00:00";360.0
1;2016;298309;"2017-01-12 12:00:00";360.0
1;2016;298313;"2017-01-12 16:00:00";360.0
1;2016;298317;"2017-01-12 20:00:00";360.0
1;2016;298802;"2017-02-02 01:00:00";12.0
1;2016;298806;"2017-02-02 05:00:00";12.0
1;2016;298810;"2017-02-02 09:00:00";12.0
1;2016;298814;"2017-02-02 13:00:00";12.0
1;2016;298818;"2017-02-02 17:00:00";12.0
1;2016;298822;"2017-02-02 21:00:00";12.0
1;2016;299113;"2017-02-15 00:00:00";339.0
1;2016;299117;"2017-02-15 04:00:00";339.0
1;2016;299121;"2017-02-15 08:00:00";339.0
1;2016;299125;"2017-02-15 12:00:00";339.0
1;2016;299129;"2017-02-15 16:00:00";339.0
1;2016;299133;"2017-02-15 20:00:00";339.0
1;2016;299954;"2017-03-22 01:00:00";12.0
1;2016;299958;"2017-03-22 05:00:00";12.0
1;2016;299962;"2017-03-22 09:00:00";12.0
1;2016;299966;"2017-03-22 13:00:00";12.0
1;2016;299970;"2017-03-22 17:00:00";12.0
1;2016;299974;"2017-03-22 21:00:00";12.0
1;2016;299641;"2017-03-09 00:00:00";360.0
1;2016;299645;"2017-03-09 04:00:00";360.0
1;2016;299649;"2017-03-09 08:00:00";360.0
1;2016;299653;"2017-03-09 12:00:00";360.0
1;2016;299657;"2017-03-09 16:00:00";360.0
1;2016;299661;"2017-03-09 20:00:00";360.0
1;2016;300865;"2017-04-29 00:00:00";12.0
1;2016;300869;"2017-04-29 04:00:00";12.0
1;2016;300873;"2017-04-29 08:00:00";12.0
1;2016;300877;"2017-04-29 12:00:00";12.0
1;2016;300881;"2017-04-29 16:00:00";12.0
1;2016;300885;"2017-04-29 20:00:00";12.0
1;2016;300553;"2017-04-16 00:00:00";348.0
1;2016;300557;"2017-04-16 04:00:00";348.0
1;2016;300561;"2017-04-16 08:00:00";348.0
1;2016;300565;"2017-04-16 12:00:00";348.0
1;2016;300569;"2017-04-16 16:00:00";348.0
1;2016;300573;"2017-04-16 20:00:00";348.0
1;2016;301467;"2017-05-24 02:00:00";12.0
1;2016;301471;"2017-05-24 06:00:00";12.0
1;2016;301475;"2017-05-24 10:00:00";12.0
1;2016;301479;"2017-05-24 14:00:00";12.0
1;2016;301483;"2017-05-24 18:00:00";12.0
1;2016;301487;"2017-05-24 22:00:00";12.0
1;2016;301609;"2017-05-30 00:00:00";360.0
1;2016;301613;"2017-05-30 04:00:00";360.0
1;2016;301617;"2017-05-30 08:00:00";360.0
1;2016;301621;"2017-05-30 12:00:00";360.0
1;2016;301625;"2017-05-30 16:00:00";360.0
1;2016;301629;"2017-05-30 20:00:00";360.0
1;2016;302114;"2017-06-20 01:00:00";12.0
1;2016;302118;"2017-06-20 05:00:00";12.0
1;2016;302122;"2017-06-20 09:00:00";12.0
1;2016;302126;"2017-06-20 13:00:00";12.0
1;2016;302130;"2017-06-20 17:00:00";12.0
1;2016;302134;"2017-06-20 21:00:00";12.0
1;2016;301873;"2017-06-10 00:00:00";348.0
1;2016;301877;"2017-06-10 04:00:00";348.0
1;2016;301881;"2017-06-10 08:00:00";348.0
1;2016;301885;"2017-06-10 12:00:00";348.0
1;2016;301889;"2017-06-10 16:00:00";348.0
1;2016;301893;"2017-06-10 20:00:00";348.0
1;2016;302426;"2017-07-03 01:00:00";12.0
1;2016;302430;"2017-07-03 05:00:00";12.0
1;2016;302434;"2017-07-03 09:00:00";12.0
1;2016;302438;"2017-07-03 13:00:00";12.0
1;2016;302442;"2017-07-03 17:00:00";12.0
1;2016;302446;"2017-07-03 21:00:00";12.0
1;2016;302977;"2017-07-26 00:00:00";360.0
1;2016;302981;"2017-07-26 04:00:00";360.0
1;2016;302985;"2017-07-26 08:00:00";360.0
1;2016;302989;"2017-07-26 12:00:00";360.0
1;2016;302993;"2017-07-26 16:00:00";360.0
1;2016;302997;"2017-07-26 20:00:00";360.0
1;2016;303529;"2017-08-18 00:00:00";12.0
1;2016;303533;"2017-08-18 04:00:00";12.0
1;2016;303537;"2017-08-18 08:00:00";12.0
1;2016;303541;"2017-08-18 12:00:00";12.0
1;2016;303545;"2017-08-18 16:00:00";12.0
1;2016;303549;"2017-08-18 20:00:00";12.0
1;2016;303289;"2017-08-08 00:00:00";360.0
1;2016;303293;"2017-08-08 04:00:00";360.0
1;2016;303297;"2017-08-08 08:00:00";360.0
1;2016;303301;"2017-08-08 12:00:00";360.0
1;2016;303305;"2017-08-08 16:00:00";360.0
1;2016;303309;"2017-08-08 20:00:00";360.0
1;2016;303964;"2017-09-05 03:00:00";12.0
1;2016;303968;"2017-09-05 07:00:00";12.0
1;2016;303972;"2017-09-05 11:00:00";12.0
1;2016;303976;"2017-09-05 15:00:00";12.0
1;2016;303980;"2017-09-05 19:00:00";12.0
1;2016;303984;"2017-09-05 23:00:00";12.0
1;2016;303985;"2017-09-06 00:00:00";348.0
1;2016;303989;"2017-09-06 04:00:00";348.0
1;2016;303993;"2017-09-06 08:00:00";348.0
1;2016;303997;"2017-09-06 12:00:00";348.0
1;2016;304001;"2017-09-06 16:00:00";348.0
1;2016;304005;"2017-09-06 20:00:00";348.0
1;2016;305138;"2017-10-24 01:00:00";12.0
1;2016;305142;"2017-10-24 05:00:00";12.0
1;2016;305146;"2017-10-24 09:00:00";12.0
1;2016;305150;"2017-10-24 13:00:00";12.0
1;2016;305154;"2017-10-24 17:00:00";12.0
1;2016;305158;"2017-10-24 21:00:00";12.0
1;2016;305089;"2017-10-22 00:00:00";360.0
1;2016;305093;"2017-10-22 04:00:00";360.0
1;2016;305097;"2017-10-22 08:00:00";360.0
1;2016;305101;"2017-10-22 12:00:00";360.0
1;2016;305105;"2017-10-22 16:00:00";360.0
1;2016;305109;"2017-10-22 20:00:00";360.0
1;2016;305833;"2017-11-22 00:00:00";12.0
1;2016;305837;"2017-11-22 04:00:00";12.0
1;2016;305841;"2017-11-22 08:00:00";12.0
1;2016;305845;"2017-11-22 12:00:00";12.0
1;2016;305849;"2017-11-22 16:00:00";12.0
1;2016;305853;"2017-11-22 20:00:00";12.0
1;2016;305977;"2017-11-28 00:00:00";348.0
1;2016;305981;"2017-11-28 04:00:00";348.0
1;2016;305985;"2017-11-28 08:00:00";348.0
1;2016;305989;"2017-11-28 12:00:00";348.0
1;2016;305993;"2017-11-28 16:00:00";348.0
1;2016;305997;"2017-11-28 20:00:00";348.0
1;2016;306483;"2017-12-19 02:00:00";12.0
1;2016;306487;"2017-12-19 06:00:00";12.0
1;2016;306491;"2017-12-19 10:00:00";12.0
1;2016;306495;"2017-12-19 14:00:00";12.0
1;2016;306499;"2017-12-19 18:00:00";12.0
1;2016;306503;"2017-12-19 22:00:00";12.0
1;2016;306145;"2017-12-05 00:00:00";360.0
1;2016;306149;"2017-12-05 04:00:00";360.0
1;2016;306153;"2017-12-05 08:00:00";360.0
1;2016;306157;"2017-12-05 12:00:00";360.0
1;2016;306161;"2017-12-05 16:00:00";360.0
1;2016;306165;"2017-12-05 20:00:00";360.0
1;2019;324915;"2020-01-26 02:00:00";12.0
1;2019;324919;"2020-01-26 06:00:00";12.0
1;2019;324923;"2020-01-26 10:00:00";12.0
1;2019;324927;"2020-01-26 14:00:00";12.0
1;2019;324931;"2020-01-26 18:00:00";12.0
1;2019;324935;"2020-01-26 22:00:00";12.0
1;2019;324577;"2020-01-12 00:00:00";360.0
1;2019;324581;"2020-01-12 04:00:00";360.0
1;2019;324585;"2020-01-12 08:00:00";360.0
1;2019;324589;"2020-01-12 12:00:00";360.0
1;2019;324593;"2020-01-12 16:00:00";360.0
1;2019;324597;"2020-01-12 20:00:00";360.0
1;2019;325082;"2020-02-02 01:00:00";12.0
1;2019;325086;"2020-02-02 05:00:00";12.0
1;2019;325090;"2020-02-02 09:00:00";12.0
1;2019;325094;"2020-02-02 13:00:00";12.0
1;2019;325098;"2020-02-02 17:00:00";12.0
1;2019;325102;"2020-02-02 21:00:00";12.0
1;2019;325393;"2020-02-15 00:00:00";339.0
1;2019;325397;"2020-02-15 04:00:00";339.0
1;2019;325401;"2020-02-15 08:00:00";339.0
1;2019;325405;"2020-02-15 12:00:00";339.0
1;2019;325409;"2020-02-15 16:00:00";339.0
1;2019;325413;"2020-02-15 20:00:00";339.0
1;2019;326234;"2020-03-21 01:00:00";12.0
1;2019;326238;"2020-03-21 05:00:00";12.0
1;2019;326242;"2020-03-21 09:00:00";12.0
1;2019;326246;"2020-03-21 13:00:00";12.0
1;2019;326250;"2020-03-21 17:00:00";12.0
1;2019;326254;"2020-03-21 21:00:00";12.0
1;2019;326449;"2020-03-30 00:00:00";360.0
1;2019;326453;"2020-03-30 04:00:00";360.0
1;2019;326457;"2020-03-30 08:00:00";360.0
1;2019;326461;"2020-03-30 12:00:00";360.0
1;2019;326465;"2020-03-30 16:00:00";360.0
1;2019;326469;"2020-03-30 20:00:00";360.0
1;2019;327145;"2020-04-28 00:00:00";12.0
1;2019;327149;"2020-04-28 04:00:00";12.0
1;2019;327153;"2020-04-28 08:00:00";12.0
1;2019;327157;"2020-04-28 12:00:00";12.0
1;2019;327161;"2020-04-28 16:00:00";12.0
1;2019;327165;"2020-04-28 20:00:00";12.0
1;2019;326833;"2020-04-15 00:00:00";348.0
1;2019;326837;"2020-04-15 04:00:00";348.0
1;2019;326841;"2020-04-15 08:00:00";348.0
1;2019;326845;"2020-04-15 12:00:00";348.0
1;2019;326849;"2020-04-15 16:00:00";348.0
1;2019;326853;"2020-04-15 20:00:00";348.0
1;2019;327747;"2020-05-23 02:00:00";12.0
1;2019;327751;"2020-05-23 06:00:00";12.0
1;2019;327755;"2020-05-23 10:00:00";12.0
1;2019;327759;"2020-05-23 14:00:00";12.0
1;2019;327763;"2020-05-23 18:00:00";12.0
1;2019;327767;"2020-05-23 22:00:00";12.0
1;2019;327889;"2020-05-29 00:00:00";360.0
1;2019;327893;"2020-05-29 04:00:00";360.0
1;2019;327897;"2020-05-29 08:00:00";360.0
1;2019;327901;"2020-05-29 12:00:00";360.0
1;2019;327905;"2020-05-29 16:00:00";360.0
1;2019;327909;"2020-05-29 20:00:00";360.0
1;2019;328394;"2020-06-19 01:00:00";12.0
1;2019;328398;"2020-06-19 05:00:00";12.0
1;2019;328402;"2020-06-19 09:00:00";12.0
1;2019;328406;"2020-06-19 13:00:00";12.0
1;2019;328410;"2020-06-19 17:00:00";12.0
1;2019;328414;"2020-06-19 21:00:00";12.0
1;2019;328513;"2020-06-24 00:00:00";348.0
1;2019;328517;"2020-06-24 04:00:00";348.0
1;2019;328521;"2020-06-24 08:00:00";348.0
1;2019;328525;"2020-06-24 12:00:00";348.0
1;2019;328529;"2020-06-24 16:00:00";348.0
1;2019;328533;"2020-06-24 20:00:00";348.0
1;2019;328706;"2020-07-02 01:00:00";12.0
1;2019;328710;"2020-07-02 05:00:00";12.0
1;2019;328714;"2020-07-02 09:00:00";12.0
1;2019;328718;"2020-07-02 13:00:00";12.0
1;2019;328722;"2020-07-02 17:00:00";12.0
1;2019;328726;"2020-07-02 21:00:00";12.0
1;2019;329401;"2020-07-31 00:00:00";360.0
1;2019;329405;"2020-07-31 04:00:00";360.0
1;2019;329409;"2020-07-31 08:00:00";360.0
1;2019;329413;"2020-07-31 12:00:00";360.0
1;2019;329417;"2020-07-31 16:00:00";360.0
1;2019;329421;"2020-07-31 20:00:00";360.0
1;2019;329809;"2020-08-17 00:00:00";12.0
1;2019;329813;"2020-08-17 04:00:00";12.0
1;2019;329817;"2020-08-17 08:00:00";12.0
1;2019;329821;"2020-08-17 12:00:00";12.0
1;2019;329825;"2020-08-17 16:00:00";12.0
1;2019;329829;"2020-08-17 20:00:00";12.0
1;2019;329569;"2020-08-07 00:00:00";360.0
1;2019;329573;"2020-08-07 04:00:00";360.0
1;2019;329577;"2020-08-07 08:00:00";360.0
1;2019;329581;"2020-08-07 12:00:00";360.0
1;2019;329585;"2020-08-07 16:00:00";360.0
1;2019;329589;"2020-08-07 20:00:00";360.0
1;2019;330244;"2020-09-04 03:00:00";12.0
1;2019;330248;"2020-09-04 07:00:00";12.0
1;2019;330252;"2020-09-04 11:00:00";12.0
1;2019;330256;"2020-09-04 15:00:00";12.0
1;2019;330260;"2020-09-04 19:00:00";12.0
1;2019;330264;"2020-09-04 23:00:00";12.0
1;2019;330265;"2020-09-05 00:00:00";348.0
1;2019;330269;"2020-09-05 04:00:00";348.0
1;2019;330273;"2020-09-05 08:00:00";348.0
1;2019;330277;"2020-09-05 12:00:00";348.0
1;2019;330281;"2020-09-05 16:00:00";348.0
1;2019;330285;"2020-09-05 20:00:00";348.0
1;2019;331418;"2020-10-23 01:00:00";12.0
1;2019;331422;"2020-10-23 05:00:00";12.0
1;2019;331426;"2020-10-23 09:00:00";12.0
1;2019;331430;"2020-10-23 13:00:00";12.0
1;2019;331434;"2020-10-23 17:00:00";12.0
1;2019;331438;"2020-10-23 21:00:00";12.0
1;2019;331369;"2020-10-21 00:00:00";360.0
1;2019;331373;"2020-10-21 04:00:00";360.0
1;2019;331377;"2020-10-21 08:00:00";360.0
1;2019;331381;"2020-10-21 12:00:00";360.0
1;2019;331385;"2020-10-21 16:00:00";360.0
1;2019;331389;"2020-10-21 20:00:00";360.0
1;2019;332113;"2020-11-21 00:00:00";12.0
1;2019;332117;"2020-11-21 04:00:00";12.0
1;2019;332121;"2020-11-21 08:00:00";12.0
1;2019;332125;"2020-11-21 12:00:00";12.0
1;2019;332129;"2020-11-21 16:00:00";12.0
1;2019;332133;"2020-11-21 20:00:00";12.0
1;2019;331849;"2020-11-10 00:00:00";348.0
1;2019;331853;"2020-11-10 04:00:00";348.0
1;2019;331857;"2020-11-10 08:00:00";348.0
1;2019;331861;"2020-11-10 12:00:00";348.0
1;2019;331865;"2020-11-10 16:00:00";348.0
1;2019;331869;"2020-11-10 20:00:00";348.0
1;2019;332763;"2020-12-18 02:00:00";12.0
1;2019;332767;"2020-12-18 06:00:00";12.0
1;2019;332771;"2020-12-18 10:00:00";12.0
1;2019;332775;"2020-12-18 14:00:00";12.0
1;2019;332779;"2020-12-18 18:00:00";12.0
1;2019;332783;"2020-12-18 22:00:00";12.0
1;2019;332929;"2020-12-25 00:00:00";360.0
1;2019;332933;"2020-12-25 04:00:00";360.0
1;2019;332937;"2020-12-25 08:00:00";360.0
1;2019;332941;"2020-12-25 12:00:00";360.0
1;2019;332945;"2020-12-25 16:00:00";360.0
1;2019;332949;"2020-12-25 20:00:00";360.0
1;2022;351219;"2023-01-26 02:00:00";12.0
1;2022;351223;"2023-01-26 06:00:00";12.0
1;2022;351227;"2023-01-26 10:00:00";12.0
1;2022;351231;"2023-01-26 14:00:00";12.0
1;2022;351235;"2023-01-26 18:00:00";12.0
1;2022;351239;"2023-01-26 22:00:00";12.0
1;2022;350881;"2023-01-12 00:00:00";360.0
1;2022;350885;"2023-01-12 04:00:00";360.0
1;2022;350889;"2023-01-12 08:00:00";360.0
1;2022;350893;"2023-01-12 12:00:00";360.0
1;2022;350897;"2023-01-12 16:00:00";360.0
1;2022;350901;"2023-01-12 20:00:00";360.0
1;2022;351386;"2023-02-02 01:00:00";12.0
1;2022;351390;"2023-02-02 05:00:00";12.0
1;2022;351394;"2023-02-02 09:00:00";12.0
1;2022;351398;"2023-02-02 13:00:00";12.0
1;2022;351402;"2023-02-02 17:00:00";12.0
1;2022;351406;"2023-02-02 21:00:00";12.0
1;2022;351697;"2023-02-15 00:00:00";339.0
1;2022;351701;"2023-02-15 04:00:00";339.0
1;2022;351705;"2023-02-15 08:00:00";339.0
1;2022;351709;"2023-02-15 12:00:00";339.0
1;2022;351713;"2023-02-15 16:00:00";339.0
1;2022;351717;"2023-02-15 20:00:00";339.0
1;2022;352538;"2023-03-22 01:00:00";12.0
1;2022;352542;"2023-03-22 05:00:00";12.0
1;2022;352546;"2023-03-22 09:00:00";12.0
1;2022;352550;"2023-03-22 13:00:00";12.0
1;2022;352554;"2023-03-22 17:00:00";12.0
1;2022;352558;"2023-03-22 21:00:00";12.0
1;2022;352753;"2023-03-31 00:00:00";360.0
1;2022;352757;"2023-03-31 04:00:00";360.0
1;2022;352761;"2023-03-31 08:00:00";360.0
1;2022;352765;"2023-03-31 12:00:00";360.0
1;2022;352769;"2023-03-31 16:00:00";360.0
1;2022;352773;"2023-03-31 20:00:00";360.0
1;2022;353449;"2023-04-29 00:00:00";12.0
1;2022;353453;"2023-04-29 04:00:00";12.0
1;2022;353457;"2023-04-29 08:00:00";12.0
1;2022;353461;"2023-04-29 12:00:00";12.0
1;2022;353465;"2023-04-29 16:00:00";12.0
1;2022;353469;"2023-04-29 20:00:00";12.0
1;2022;353137;"2023-04-16 00:00:00";348.0
1;2022;353141;"2023-04-16 04:00:00";348.0
1;2022;353145;"2023-04-16 08:00:00";348.0
1;2022;353149;"2023-04-16 12:00:00";348.0
1;2022;353153;"2023-04-16 16:00:00";348.0
1;2022;353157;"2023-04-16 20:00:00";348.0
1;2022;354051;"2023-05-24 02:00:00";12.0
1;2022;354055;"2023-05-24 06:00:00";12.0
1;2022;354059;"2023-05-24 10:00:00";12.0
1;2022;354063;"2023-05-24 14:00:00";12.0
1;2022;354067;"2023-05-24 18:00:00";12.0
1;2022;354071;"2023-05-24 22:00:00";12.0
1;2022;354193;"2023-05-30 00:00:00";360.0
1;2022;354197;"2023-05-30 04:00:00";360.0
1;2022;354201;"2023-05-30 08:00:00";360.0
1;2022;354205;"2023-05-30 12:00:00";360.0
1;2022;354209;"2023-05-30 16:00:00";360.0
1;2022;354213;"2023-05-30 20:00:00";360.0
1;2022;354698;"2023-06-20 01:00:00";12.0
1;2022;354702;"2023-06-20 05:00:00";12.0
1;2022;354706;"2023-06-20 09:00:00";12.0
1;2022;354710;"2023-06-20 13:00:00";12.0
1;2022;354714;"2023-06-20 17:00:00";12.0
1;2022;354718;"2023-06-20 21:00:00";12.0
1;2022;354457;"2023-06-10 00:00:00";348.0
1;2022;354461;"2023-06-10 04:00:00";348.0
1;2022;354465;"2023-06-10 08:00:00";348.0
1;2022;354469;"2023-06-10 12:00:00";348.0
1;2022;354473;"2023-06-10 16:00:00";348.0
1;2022;354477;"2023-06-10 20:00:00";348.0
1;2022;355010;"2023-07-03 01:00:00";12.0
1;2022;355014;"2023-07-03 05:00:00";12.0
1;2022;355018;"2023-07-03 09:00:00";12.0
1;2022;355022;"2023-07-03 13:00:00";12.0
1;2022;355026;"2023-07-03 17:00:00";12.0
1;2022;355030;"2023-07-03 21:00:00";12.0
1;2022;355561;"2023-07-26 00:00:00";360.0
1;2022;355565;"2023-07-26 04:00:00";360.0
1;2022;355569;"2023-07-26 08:00:00";360.0
1;2022;355573;"2023-07-26 12:00:00";360.0
1;2022;355577;"2023-07-26 16:00:00";360.0
1;2022;355581;"2023-07-26 20:00:00";360.0
1;2022;356113;"2023-08-18 00:00:00";12.0
1;2022;356117;"2023-08-18 04:00:00";12.0
1;2022;356121;"2023-08-18 08:00:00";12.0
1;2022;356125;"2023-08-18 12:00:00";12.0
1;2022;356129;"2023-08-18 16:00:00";12.0
1;2022;356133;"2023-08-18 20:00:00";12.0
1;2022;355873;"2023-08-08 00:00:00";360.0
1;2022;355877;"2023-08-08 04:00:00";360.0
1;2022;355881;"2023-08-08 08:00:00";360.0
1;2022;355885;"2023-08-08 12:00:00";360.0
1;2022;355889;"2023-08-08 16:00:00";360.0
1;2022;355893;"2023-08-08 20:00:00";360.0
1;2022;356548;"2023-09-05 03:00:00";12.0
1;2022;356552;"2023-09-05 07:00:00";12.0
1;2022;356556;"2023-09-05 11:00:00";12.0
1;2022;356560;"2023-09-05 15:00:00";12.0
1;2022;356564;"2023-09-05 19:00:00";12.0
1;2022;356568;"2023-09-05 23:00:00";12.0
1;2022;356569;"2023-09-06 00:00:00";348.0
1;2022;356573;"2023-09-06 04:00:00";348.0
1;2022;356577;"2023-09-06 08:00:00";348.0
1;2022;356581;"2023-09-06 12:00:00";348.0
1;2022;356585;"2023-09-06 16:00:00";348.0
1;2022;356589;"2023-09-06 20:00:00";348.0
1;2022;357722;"2023-10-24 01:00:00";12.0
1;2022;357726;"2023-10-24 05:00:00";12.0
1;2022;357730;"2023-10-24 09:00:00";12.0
1;2022;357734;"2023-10-24 13:00:00";12.0
1;2022;357738;"2023-10-24 17:00:00";12.0
1;2022;357742;"2023-10-24 21:00:00";12.0
1;2022;357673;"2023-10-22 00:00:00";360.0
1;2022;357677;"2023-10-22 04:00:00";360.0
1;2022;357681;"2023-10-22 08:00:00";360.0
1;2022;357685;"2023-10-22 12:00:00";360.0
1;2022;357689;"2023-10-22 16:00:00";360.0
1;2022;357693;"2023-10-22 20:00:00";360.0
1;2022;358417;"2023-11-22 00:00:00";12.0
1;2022;358421;"2023-11-22 04:00:00";12.0
1;2022;358425;"2023-11-22 08:00:00";12.0
1;2022;358429;"2023-11-22 12:00:00";12.0
1;2022;358433;"2023-11-22 16:00:00";12.0
1;2022;358437;"2023-11-22 20:00:00";12.0
1;2022;358153;"2023-11-11 00:00:00";348.0
1;2022;358157;"2023-11-11 04:00:00";348.0
1;2022;358161;"2023-11-11 08:00:00";348.0
1;2022;358165;"2023-11-11 12:00:00";348.0
1;2022;358169;"2023-11-11 16:00:00";348.0
1;2022;358173;"2023-11-11 20:00:00";348.0
1;2022;359067;"2023-12-19 02:00:00";12.0
1;2022;359071;"2023-12-19 06:00:00";12.0
1;2022;359075;"2023-12-19 10:00:00";12.0
1;2022;359079;"2023-12-19 14:00:00";12.0
1;2022;359083;"2023-12-19 18:00:00";12.0
1;2022;359087;"2023-12-19 22:00:00";12.0
1;2022;358729;"2023-12-05 00:00:00";360.0
1;2022;358733;"2023-12-05 04:00:00";360.0
1;2022;358737;"2023-12-05 08:00:00";360.0
1;2022;358741;"2023-12-05 12:00:00";360.0
1;2022;358745;"2023-12-05 16:00:00";360.0
1;2022;358749;"2023-12-05 20:00:00";360.0
1;2025;377523;"2026-01-26 02:00:00";12.0
1;2025;377527;"2026-01-26 06:00:00";12.0
1;2025;377531;"2026-01-26 10:00:00";12.0
1;2025;377535;"2026-01-26 14:00:00";12.0
1;2025;377539;"2026-01-26 18:00:00";12.0
1;2025;377543;"2026-01-26 22:00:00";12.0
1;2025;377185;"2026-01-12 00:00:00";360.0
1;2025;377189;"2026-01-12 04:00:00";360.0
1;2025;377193;"2026-01-12 08:00:00";360.0
1;2025;377197;"2026-01-12 12:00:00";360.0
1;2025;377201;"2026-01-12 16:00:00";360.0
1;2025;377205;"2026-01-12 20:00:00";360.0
1;2025;377690;"2026-02-02 01:00:00";12.0
1;2025;377694;"2026-02-02 05:00:00";12.0
1;2025;377698;"2026-02-02 09:00:00";12.0
1;2025;377702;"2026-02-02 13:00:00";12.0
1;2025;377706;"2026-02-02 17:00:00";12.0
1;2025;377710;"2026-02-02 21:00:00";12.0
1;2025;378001;"2026-02-15 00:00:00";339.0
1;2025;378005;"2026-02-15 04:00:00";339.0
1;2025;378009;"2026-02-15 08:00:00";339.0
1;2025;378013;"2026-02-15 12:00:00";339.0
1;2025;378017;"2026-02-15 16:00:00";339.0
1;2025;378021;"2026-02-15 20:00:00";339.0
1;2025;378842;"2026-03-22 01:00:00";12.0
1;2025;378846;"2026-03-22 05:00:00";12.0
1;2025;378850;"2026-03-22 09:00:00";12.0
1;2025;378854;"2026-03-22 13:00:00";12.0
1;2025;378858;"2026-03-22 17:00:00";12.0
1;2025;378862;"2026-03-22 21:00:00";12.0
1;2025;379057;"2026-03-31 00:00:00";360.0
1;2025;379061;"2026-03-31 04:00:00";360.0
1;2025;379065;"2026-03-31 08:00:00";360.0
1;2025;379069;"2026-03-31 12:00:00";360.0
1;2025;379073;"2026-03-31 16:00:00";360.0
1;2025;379077;"2026-03-31 20:00:00";360.0
1;2025;379753;"2026-04-29 00:00:00";12.0
1;2025;379757;"2026-04-29 04:00:00";12.0
1;2025;379761;"2026-04-29 08:00:00";12.0
1;2025;379765;"2026-04-29 12:00:00";12.0
1;2025;379769;"2026-04-29 16:00:00";12.0
1;2025;379773;"2026-04-29 20:00:00";12.0
1;2025;379441;"2026-04-16 00:00:00";348.0
1;2025;379445;"2026-04-16 04:00:00";348.0
1;2025;379449;"2026-04-16 08:00:00";348.0
1;2025;379453;"2026-04-16 12:00:00";348.0
1;2025;379457;"2026-04-16 16:00:00";348.0
1;2025;379461;"2026-04-16 20:00:00";348.0
1;2025;380355;"2026-05-24 02:00:00";12.0
1;2025;380359;"2026-05-24 06:00:00";12.0
1;2025;380363;"2026-05-24 10:00:00";12.0
1;2025;380367;"2026-05-24 14:00:00";12.0
1;2025;380371;"2026-05-24 18:00:00";12.0
1;2025;380375;"2026-05-24 22:00:00";12.0
1;2025;380497;"2026-05-30 00:00:00";360.0
1;2025;380501;"2026-05-30 04:00:00";360.0
1;2025;380505;"2026-05-30 08:00:00";360.0
1;2025;380509;"2026-05-30 12:00:00";360.0
1;2025;380513;"2026-05-30 16:00:00";360.0
1;2025;380517;"2026-05-30 20:00:00";360.0
1;2025;381002;"2026-06-20 01:00:00";12.0
1;2025;381006;"2026-06-20 05:00:00";12.0
1;2025;381010;"2026-06-20 09:00:00";12.0
1;2025;381014;"2026-06-20 13:00:00";12.0
1;2025;381018;"2026-06-20 17:00:00";12.0
1;2025;381022;"2026-06-20 21:00:00";12.0
1;2025;380761;"2026-06-10 00:00:00";348.0
1;2025;380765;"2026-06-10 04:00:00";348.0
1;2025;380769;"2026-06-10 08:00:00";348.0
1;2025;380773;"2026-06-10 12:00:00";348.0
1;2025;380777;"2026-06-10 16:00:00";348.0
1;2025;380781;"2026-06-10 20:00:00";348.0
1;2025;381314;"2026-07-03 01:00:00";12.0
1;2025;381318;"2026-07-03 05:00:00";12.0
1;2025;381322;"2026-07-03 09:00:00";12.0
1;2025;381326;"2026-07-03 13:00:00";12.0
1;2025;381330;"2026-07-03 17:00:00";12.0
1;2025;381334;"2026-07-03 21:00:00";12.0
1;2025;381865;"2026-07-26 00:00:00";360.0
1;2025;381869;"2026-07-26 04:00:00";360.0
1;2025;381873;"2026-07-26 08:00:00";360.0
1;2025;381877;"2026-07-26 12:00:00";360.0
1;2025;381881;"2026-07-26 16:00:00";360.0
1;2025;381885;"2026-07-26 20:00:00";360.0
1;2025;382417;"2026-08-18 00:00:00";12.0
1;2025;382421;"2026-08-18 04:00:00";12.0
1;2025;382425;"2026-08-18 08:00:00";12.0
1;2025;382429;"2026-08-18 12:00:00";12.0
1;2025;382433;"2026-08-18 16:00:00";12.0
1;2025;382437;"2026-08-18 20:00:00";12.0
1;2025;382177;"2026-08-08 00:00:00";360.0
1;2025;382181;"2026-08-08 04:00:00";360.0
1;2025;382185;"2026-08-08 08:00:00";360.0
1;2025;382189;"2026-08-08 12:00:00";360.0
1;2025;382193;"2026-08-08 16:00:00";360.0
1;2025;382197;"2026-08-08 20:00:00";360.0
1;2025;382852;"2026-09-05 03:00:00";12.0
1;2025;382856;"2026-09-05 07:00:00";12.0
1;2025;382860;"2026-09-05 11:00:00";12.0
1;2025;382864;"2026-09-05 15:00:00";12.0
1;2025;382868;"2026-09-05 19:00:00";12.0
1;2025;382872;"2026-09-05 23:00:00";12.0
1;2025;382873;"2026-09-06 00:00:00";348.0
1;2025;382877;"2026-09-06 04:00:00";348.0
1;2025;382881;"2026-09-06 08:00:00";348.0
1;2025;382885;"2026-09-06 12:00:00";348.0
1;2025;382889;"2026-09-06 16:00:00";348.0
1;2025;382893;"2026-09-06 20:00:00";348.0
1;2025;384026;"2026-10-24 01:00:00";12.0
1;2025;384030;"2026-10-24 05:00:00";12.0
1;2025;384034;"2026-10-24 09:00:00";12.0
1;2025;384038;"2026-10-24 13:00:00";12.0
1;2025;384042;"2026-10-24 17:00:00";12.0
1;2025;384046;"2026-10-24 21:00:00";12.0
1;2025;383977;"2026-10-22 00:00:00";360.0
1;2025;383981;"2026-10-22 04:00:00";360.0
1;2025;383985;"2026-10-22 08:00:00";360.0
1;2025;383989;"2026-10-22 12:00:00";360.0
1;2025;383993;"2026-10-22 16:00:00";360.0
1;2025;383997;"2026-10-22 20:00:00";360.0
1;2025;384721;"2026-11-22 00:00:00";12.0
1;2025;384725;"2026-11-22 04:00:00";12.0
1;2025;384729;"2026-11-22 08:00:00";12.0
1;2025;384733;"2026-11-22 12:00:00";12.0
1;2025;384737;"2026-11-22 16:00:00";12.0
1;2025;384741;"2026-11-22 20:00:00";12.0
1;2025;384457;"2026-11-11 00:00:00";348.0
1;2025;384461;"2026-11-11 04:00:00";348.0
1;2025;384465;"2026-11-11 08:00:00";348.0
1;2025;384469;"2026-11-11 12:00:00";348.0
1;2025;384473;"2026-11-11 16:00:00";348.0
1;2025;384477;"2026-11-11 20:00:00";348.0
1;2025;385371;"2026-12-19 02:00:00";12.0
1;2025;385375;"2026-12-19 06:00:00";12.0
1;2025;385379;"2026-12-19 10:00:00";12.0
1;2025;385383;"2026-12-19 14:00:00";12.0
1;2025;385387;"2026-12-19 18:00:00";12.0
1;2025;385391;"2026-12-19 22:00:00";12.0
1;2025;385033;"2026-12-05 00:00:00";360.0
1;2025;385037;"2026-12-05 04:00:00";360.0
1;2025;385041;"2026-12-05 08:00:00";360.0
1;2025;385045;"2026-12-05 12:00:00";360.0
1;2025;385049;"2026-12-05 16:00:00";360.0
1;2025;385053;"2026-12-05 20:00:00";360.0
